"ville","date","temperature","precipitation","nebulosite"
"Brest","2024-01-01",10.6,14.3,87
"Brest","2024-01-02",12.3,18.5,78
"Brest","2024-01-03",10.8,11,52
"Brest","2024-01-04",9.8,18.6,95
"Brest","2024-01-05",7.2,1.4,65
"Brest","2024-01-06",6.8,1.6,44
"Brest","2024-01-07",5.8,0,34
"Brest","2024-01-08",3.3,0,36
"Brest","2024-01-09",-0.9,0.2,50
"Brest","2024-01-10",0.2,0.1,76
"Brest","2024-01-11",3.2,0.2,42
"Brest","2024-01-12",5.7,0,62
"Brest","2024-01-13",2.1,0.5,77
"Brest","2024-01-14",3.1,6.2,91
"Brest","2024-01-15",4.9,1.5,83
"Brest","2024-01-16",2.6,2.8,99
"Brest","2024-01-17",4.7,51.4,100
"Brest","2024-01-18",4.1,0,66
"Brest","2024-01-19",1.3,0,9
"Brest","2024-01-20",4.6,0,80
"Brest","2024-01-21",11.2,14.7,92
"Brest","2024-01-22",11.1,5.8,70
"Brest","2024-01-23",11.6,1.5,97
"Brest","2024-01-24",12,3.4,100
"Brest","2024-01-25",11.8,3.1,100
"Brest","2024-01-26",9.4,3.5,73
"Brest","2024-01-27",6.8,0,95
"Brest","2024-01-28",10.6,0,98
"Brest","2024-01-29",11.9,0.3,95
"Brest","2024-01-30",8.1,0,78
"Brest","2024-01-31",8.4,0.3,92
"Brest","2024-02-01",11,0.3,100
"Brest","2024-02-02",10.6,0.2,96
"Brest","2024-02-03",10,0.2,100
"Brest","2024-02-04",9.6,0.1,100
"Brest","2024-02-05",10,0.7,100
"Brest","2024-02-06",11.2,2,95
"Brest","2024-02-07",11.8,16.9,100
"Brest","2024-02-08",11.9,29.9,100
"Brest","2024-02-09",10.7,8.4,72
"Brest","2024-02-10",9.1,2.2,73
"Brest","2024-02-11",9,1.8,63
"Brest","2024-02-12",8,1.8,67
"Brest","2024-02-13",11.1,14.9,99
"Brest","2024-02-14",12.3,4.3,100
"Brest","2024-02-15",13.2,3.4,99
"Brest","2024-02-16",11,0.2,70
"Brest","2024-02-17",11.5,0.1,96
"Brest","2024-02-18",11.8,8.3,100
"Brest","2024-02-19",10.5,0.5,98
"Brest","2024-02-20",10.2,0.3,98
"Brest","2024-02-21",11.2,22.9,100
"Brest","2024-02-22",9.4,10.5,90
"Brest","2024-02-23",5.8,8.5,86
"Brest","2024-02-24",7.5,8.3,79
"Brest","2024-02-25",9.2,11,87
"Brest","2024-02-26",7.7,6.9,83
"Brest","2024-02-27",8.1,0.1,88
"Brest","2024-02-28",10.8,2.9,96
"Brest","2024-02-29",9.1,14.5,83
"Brest","2024-03-01",7,11.3,76
"Brest","2024-03-02",6.5,1.8,62
"Brest","2024-03-03",6.6,0.1,41
"Brest","2024-03-04",8.2,15.1,83
"Brest","2024-03-05",7.6,2.2,71
"Brest","2024-03-06",8.6,11.2,70
"Brest","2024-03-07",9.2,0,75
"Brest","2024-03-08",9.5,2.2,99
"Brest","2024-03-09",8.2,2.4,84
"Brest","2024-03-10",7.3,1.5,79
"Brest","2024-03-11",8.9,1,75
"Brest","2024-03-12",11.2,3.5,100
"Brest","2024-03-13",11.2,0.2,94
"Brest","2024-03-14",11.6,6.2,96
"Brest","2024-03-15",11.9,7.8,82
"Brest","2024-03-16",11.7,4.1,100
"Brest","2024-03-17",11.7,4,100
"Brest","2024-03-18",11.4,3.6,90
"Brest","2024-03-19",11.2,0.3,93
"Brest","2024-03-20",11.5,0.5,85
"Brest","2024-03-21",10.3,0,85
"Brest","2024-03-22",10,1.2,84
"Brest","2024-03-23",8.4,0.8,51
"Brest","2024-03-24",9.1,0.6,88
"Brest","2024-03-25",8.8,10.7,100
"Brest","2024-03-26",7.8,0.7,77
"Brest","2024-03-27",7.3,17.3,75
"Brest","2024-03-28",8.1,13.1,92
"Brest","2024-03-29",9.6,9,44
"Brest","2024-03-30",9.5,4.4,86
"Brest","2024-03-31",8.6,8.1,90
"Brest","2024-04-01",9.4,11.1,69
"Brest","2024-04-02",10.6,25.8,92
"Brest","2024-04-03",11.7,6.6,92
"Brest","2024-04-04",12.2,8.3,85
"Brest","2024-04-05",12.9,5.4,99
"Brest","2024-04-06",13.8,5.8,90
"Brest","2024-04-07",12,2.2,33
"Brest","2024-04-08",10.6,3.6,91
"Brest","2024-04-09",9.5,2.7,49
"Brest","2024-04-10",11.3,1.5,100
"Brest","2024-04-11",12.2,0,76
"Brest","2024-04-12",13.2,0,82
"Brest","2024-04-13",13.1,0,94
"Brest","2024-04-14",10.9,0.3,88
"Brest","2024-04-15",10.5,2.2,83
"Brest","2024-04-16",9.7,0.4,82
"Brest","2024-04-17",9.4,0.1,82
"Brest","2024-04-18",10.3,0.4,33
"Brest","2024-04-19",9.5,0,75
"Brest","2024-04-20",10.3,0,18
"Brest","2024-04-21",8.4,0,36
"Brest","2024-04-22",9,0,63
"Brest","2024-04-23",10.4,0.6,73
"Brest","2024-04-24",10.5,3.6,74
"Brest","2024-04-25",9.7,1.8,92
"Brest","2024-04-26",9.8,6,84
"Brest","2024-04-27",9.7,0.2,77
"Brest","2024-04-28",9.7,0.6,25
"Brest","2024-04-29",11.4,1.4,83
"Brest","2024-04-30",11,15.9,92
"Brest","2024-05-01",10.6,1.5,100
"Brest","2024-05-02",10.6,0.6,63
"Brest","2024-05-03",10.5,1,34
"Brest","2024-05-04",11.3,1,92
"Brest","2024-05-05",12.3,4.1,73
"Brest","2024-05-06",11.8,3.3,74
"Brest","2024-05-07",13.4,0,35
"Brest","2024-05-08",14.1,0,81
"Brest","2024-05-09",15.2,0,63
"Brest","2024-05-10",17.2,0,95
"Brest","2024-05-11",18.4,0,65
"Brest","2024-05-12",13.9,7.1,77
"Brest","2024-05-13",13.6,26.7,92
"Brest","2024-05-14",13.1,4.1,55
"Brest","2024-05-15",12.5,4.7,83
"Brest","2024-05-16",12.9,15.7,81
"Brest","2024-05-17",12.7,5.2,75
"Brest","2024-05-18",13.7,0.5,80
"Brest","2024-05-19",14.7,1.7,70
"Brest","2024-05-20",14.8,0.1,40
"Brest","2024-05-21",14.2,0.8,32
"Brest","2024-05-22",13.5,1,56
"Brest","2024-05-23",13.2,1.4,48
"Brest","2024-05-24",12,0.6,75
"Brest","2024-05-25",12.9,5.4,97
"Brest","2024-05-26",13.3,1.4,38
"Brest","2024-05-27",12.6,6.4,89
"Brest","2024-05-28",14.3,9.4,100
"Brest","2024-05-29",14.4,2.6,94
"Brest","2024-05-30",13.6,1.8,37
"Brest","2024-05-31",14.1,1,37
"Brest","2024-06-01",14,0,12
"Brest","2024-06-02",13.8,0,13
"Brest","2024-06-03",15.6,0,57
"Brest","2024-06-04",14.7,0.4,86
"Brest","2024-06-05",14.2,0.1,37
"Brest","2024-06-06",12.6,0.4,67
"Brest","2024-06-07",13.2,0,53
"Brest","2024-06-08",13.3,1.2,72
"Brest","2024-06-09",13.7,0,19
"Brest","2024-06-10",13.9,0.9,76
"Brest","2024-06-11",13,0.3,13
"Brest","2024-06-12",12.7,1.6,45
"Brest","2024-06-13",12.9,9.2,100
"Brest","2024-06-14",13.7,12.1,68
"Brest","2024-06-15",13.4,2.2,80
"Brest","2024-06-16",14.2,1.6,82
"Brest","2024-06-17",15.6,1.9,98
"Brest","2024-06-18",15.6,7.7,100
"Brest","2024-06-19",15.9,0,54
"Brest","2024-06-20",16.4,1.1,62
"Brest","2024-06-21",14.1,5.5,71
"Brest","2024-06-22",14.9,1.8,86
"Brest","2024-06-23",17.1,0.9,100
"Brest","2024-06-24",18.3,0.1,65
"Brest","2024-06-25",18.8,0,12
"Brest","2024-06-26",18.5,0,3
"Brest","2024-06-27",15.7,0.5,72
"Brest","2024-06-28",14.8,0,80
"Brest","2024-06-29",14.3,0.4,59
"Brest","2024-06-30",16.1,1.2,75
"Brest","2024-07-01",15.4,0.6,93
"Brest","2024-07-02",15.9,1.8,97
"Brest","2024-07-03",15.1,3,100
"Brest","2024-07-04",15.3,0,94
"Brest","2024-07-05",16.1,4.7,100
"Brest","2024-07-06",14.4,1.4,42
"Brest","2024-07-07",14,2.6,99
"Brest","2024-07-08",15.4,31.5,100
"Brest","2024-07-09",16.7,10.7,84
"Brest","2024-07-10",16.1,2.1,75
"Brest","2024-07-11",14.1,3.6,82
"Brest","2024-07-12",14.1,1.9,52
"Brest","2024-07-13",14.7,1.7,33
"Brest","2024-07-14",14.1,5.7,89
"Brest","2024-07-15",15.9,27.7,78
"Brest","2024-07-16",16.3,1.4,59
"Brest","2024-07-17",16.3,0,83
"Brest","2024-07-18",18,0.1,84
"Brest","2024-07-19",16.8,0.1,72
"Brest","2024-07-20",17.5,5.4,100
"Brest","2024-07-21",16.6,1.2,85
"Brest","2024-07-22",17.4,4.1,100
"Brest","2024-07-23",17.1,0.9,93
"Brest","2024-07-24",15.5,0.9,93
"Brest","2024-07-25",16.9,4.8,94
"Brest","2024-07-26",16.7,0.5,76
"Brest","2024-07-27",15.4,0.3,95
"Brest","2024-07-28",17.5,0,51
"Brest","2024-07-29",20.4,0,0
"Brest","2024-07-30",19.7,1.6,16
"Brest","2024-07-31",21.4,3.9,15
"Brest","2024-08-01",18.4,0,44
"Brest","2024-08-02",17.4,1.7,66
"Brest","2024-08-03",18,4,97
"Brest","2024-08-04",16,0,55
"Brest","2024-08-05",18,0.1,64
"Brest","2024-08-06",18.1,2.3,81
"Brest","2024-08-07",16.9,1.2,71
"Brest","2024-08-08",17.9,0.3,99
"Brest","2024-08-09",18.4,1.1,60
"Brest","2024-08-10",18.4,0,9
"Brest","2024-08-11",23.3,0,19
"Brest","2024-08-12",19.6,0.5,47
"Brest","2024-08-13",17.6,5.2,84
"Brest","2024-08-14",17.3,0.4,47
"Brest","2024-08-15",17.2,2.7,76
"Brest","2024-08-16",19,4.2,98
"Brest","2024-08-17",16.1,0,77
"Brest","2024-08-18",16.9,1.1,46
"Brest","2024-08-19",16.5,3.5,80
"Brest","2024-08-20",17.6,2,56
"Brest","2024-08-21",15.7,0,55
"Brest","2024-08-22",17.4,4.1,83
"Brest","2024-08-23",18,1.4,74
"Brest","2024-08-24",16.2,38,65
"Brest","2024-08-25",15.5,0.7,43
"Brest","2024-08-26",17.5,1.1,63
"Brest","2024-08-27",17.7,0,34
"Brest","2024-08-28",17.7,0.2,71
"Brest","2024-08-29",15.8,0.1,59
"Brest","2024-08-30",15.6,0,67
"Brest","2024-08-31",18.3,14.6,92
"Brest","2024-09-01",18.8,0.5,87
"Brest","2024-09-02",17.6,13.1,94
"Brest","2024-09-03",16.2,1.3,85
"Brest","2024-09-04",14.8,0.5,45
"Brest","2024-09-05",14,0.9,30
"Brest","2024-09-06",14.7,1.3,89
"Brest","2024-09-07",15.4,2,84
"Brest","2024-09-08",15.7,18.9,100
"Brest","2024-09-09",15,0.3,92
"Brest","2024-09-10",15.5,2.7,93
"Brest","2024-09-11",13.9,0.9,81
"Brest","2024-09-12",12.7,0.6,45
"Brest","2024-09-13",12.1,0,34
"Brest","2024-09-14",12.6,0,25
"Brest","2024-09-15",13.1,0,39
"Brest","2024-09-16",15,0.3,86
"Brest","2024-09-17",15.6,0,36
"Brest","2024-09-18",17.2,0.1,18
"Brest","2024-09-19",18.2,0.3,17
"Brest","2024-09-20",17.7,0.1,8
"Brest","2024-09-21",15.7,18.9,34
"Brest","2024-09-22",14.5,2.4,61
"Brest","2024-09-23",14.7,5.7,75
"Brest","2024-09-24",14.7,4.1,73
"Brest","2024-09-25",15,8.5,98
"Brest","2024-09-26",14.6,3.5,50
"Brest","2024-09-27",12.2,7.4,68
"Brest","2024-09-28",11.4,0,55
"Brest","2024-09-29",14,7.1,94
"Brest","2024-09-30",14.8,2.3,100
"Brest","2024-10-01",12.5,0.1,52
"Brest","2024-10-02",12.9,0.3,40
"Brest","2024-10-03",13.8,0.5,36
"Brest","2024-10-04",12.3,0.4,69
"Brest","2024-10-05",12.7,14.1,66
"Brest","2024-10-06",14.9,7,70
"Brest","2024-10-07",14.6,5.6,68
"Brest","2024-10-08",14.3,14.2,77
"Brest","2024-10-09",13.6,2,84
"Brest","2024-10-10",11.8,0.5,33
"Brest","2024-10-11",10.5,0.1,61
"Brest","2024-10-12",12.2,10.3,100
"Brest","2024-10-13",11.2,0.1,96
"Brest","2024-10-14",15.2,0.9,90
"Brest","2024-10-15",16.6,8.1,100
"Brest","2024-10-16",15.9,12.1,94
"Brest","2024-10-17",13.9,0.7,47
"Brest","2024-10-18",13.9,2.2,61
"Brest","2024-10-19",14,6.2,65
"Brest","2024-10-20",15.5,23.4,94
"Brest","2024-10-21",13.1,15,76
"Brest","2024-10-22",13,0.7,30
"Brest","2024-10-23",12.4,0.1,38
"Brest","2024-10-24",15.6,4.4,47
"Brest","2024-10-25",13.5,3.2,38
"Brest","2024-10-26",12.8,0,30
"Brest","2024-10-27",12,0.4,65
"Brest","2024-10-28",12.8,0.2,100
"Brest","2024-10-29",14.3,2,100
"Brest","2024-10-30",13,0.2,70
"Brest","2024-10-31",12.7,0,60
"Brest","2024-11-01",14.2,0.1,100
"Brest","2024-11-02",13.3,0,100
"Brest","2024-11-03",10.9,0,93
"Brest","2024-11-04",12.6,0,96
"Brest","2024-11-05",13.3,0,94
"Brest","2024-11-06",14.2,0,90
"Brest","2024-11-07",12.9,0,51
"Brest","2024-11-08",12.8,0,100
"Brest","2024-11-09",13.2,0,94
"Brest","2024-11-10",13.3,0.2,86
"Brest","2024-11-11",10.8,0,81
"Brest","2024-11-12",9.9,0,63
"Brest","2024-11-13",10,0,66
"Brest","2024-11-14",9.9,0.3,76
"Brest","2024-11-15",9,0,21
"Brest","2024-11-16",8.6,0,72
"Brest","2024-11-17",11.1,0.3,98
"Brest","2024-11-18",11.8,4.6,100
"Brest","2024-11-19",11.4,9.7,99
"Brest","2024-11-20",7.3,0.7,96
"Brest","2024-11-21",6.9,20.7,87
"Brest","2024-11-22",6.5,6.7,79
"Brest","2024-11-23",13.2,12,100
"Brest","2024-11-24",15.4,23.8,100
"Brest","2024-11-25",11,2,66
"Brest","2024-11-26",10.6,10.7,73
"Brest","2024-11-27",12,10.9,88
"Brest","2024-11-28",10.8,1,96
"Brest","2024-11-29",12.9,0.4,85
"Brest","2024-11-30",13.9,0.9,87
"Brest","2024-12-01",13.3,4.9,82
"Brest","2024-12-02",10.2,0.6,43
"Brest","2024-12-03",8.8,0.4,99
"Brest","2024-12-04",8.9,1.7,85
"Brest","2024-12-05",13.6,9.2,97
"Brest","2024-12-06",11.7,3.7,95
"Brest","2024-12-07",9.6,2.8,71
"Brest","2024-12-08",8.5,4.1,57
"Brest","2024-12-09",8.2,4.3,86
"Brest","2024-12-10",7.4,1.9,83
"Brest","2024-12-11",6.9,0,90
"Brest","2024-12-12",4.5,0,20
"Brest","2024-12-13",3.3,1.6,77
"Brest","2024-12-14",7.7,4,85
"Brest","2024-12-15",10.6,0.1,96
"Brest","2024-12-16",10.5,1.7,94
"Brest","2024-12-17",11,2.9,94
"Brest","2024-12-18",13.4,8,96
"Brest","2024-12-19",9.2,2.5,46
"Brest","2024-12-20",9.6,5.5,83
"Brest","2024-12-21",11.3,1.7,91
"Brest","2024-12-22",9.5,3.7,72
"Brest","2024-12-23",9.7,5.9,82
"Brest","2024-12-24",12.1,1,100
"Brest","2024-12-25",11.1,0,100
"Brest","2024-12-26",9.4,0,88
"Brest","2024-12-27",6.1,0,80
"Brest","2024-12-28",6.2,0,83
"Brest","2024-12-29",8.8,0,100
"Brest","2024-12-30",8.1,0.1,93
"Brest","2024-12-31",10.4,3.1,85
"Paris","2024-01-01",7.7,2.1,79
"Paris","2024-01-02",11,13.6,85
"Paris","2024-01-03",9.9,2.7,49
"Paris","2024-01-04",8.9,1.7,63
"Paris","2024-01-05",6.9,0,21
"Paris","2024-01-06",4.7,1.6,75
"Paris","2024-01-07",3,0,90
"Paris","2024-01-08",-1.8,0.3,81
"Paris","2024-01-09",-1.9,1,99
"Paris","2024-01-10",-2.2,0,89
"Paris","2024-01-11",-1.4,0,9
"Paris","2024-01-12",1.5,0,92
"Paris","2024-01-13",-0.8,0,100
"Paris","2024-01-14",-1.5,0,99
"Paris","2024-01-15",1.1,0.3,74
"Paris","2024-01-16",-1.6,0,70
"Paris","2024-01-17",0.8,27.4,100
"Paris","2024-01-18",-0.4,6.2,65
"Paris","2024-01-19",-2.1,0,15
"Paris","2024-01-20",-3,0,34
"Paris","2024-01-21",3.7,0.1,98
"Paris","2024-01-22",10,3.6,72
"Paris","2024-01-23",8.8,0.5,89
"Paris","2024-01-24",12.3,0.5,96
"Paris","2024-01-25",10.7,1.5,100
"Paris","2024-01-26",9.2,1.9,67
"Paris","2024-01-27",2.2,0,67
"Paris","2024-01-28",3.2,0,77
"Paris","2024-01-29",7.6,0,97
"Paris","2024-01-30",9.2,0,95
"Paris","2024-01-31",6.6,0,86
"Paris","2024-02-01",9.2,1.3,100
"Paris","2024-02-02",5.9,0,98
"Paris","2024-02-03",9.5,0,100
"Paris","2024-02-04",9.8,0,99
"Paris","2024-02-05",8.2,0,95
"Paris","2024-02-06",9.8,0,87
"Paris","2024-02-07",11.2,12.1,100
"Paris","2024-02-08",12,6.3,100
"Paris","2024-02-09",11.4,5.5,89
"Paris","2024-02-10",8,8,94
"Paris","2024-02-11",8.2,1.1,75
"Paris","2024-02-12",6,0.5,68
"Paris","2024-02-13",6.1,1.2,71
"Paris","2024-02-14",11.4,2.6,99
"Paris","2024-02-15",12.3,4.9,97
"Paris","2024-02-16",11.9,3.6,81
"Paris","2024-02-17",9.6,0,87
"Paris","2024-02-18",8.9,7.9,100
"Paris","2024-02-19",10.4,0.4,100
"Paris","2024-02-20",8.3,0,100
"Paris","2024-02-21",8.6,10.1,100
"Paris","2024-02-22",11.3,16.5,92
"Paris","2024-02-23",6,1.5,61
"Paris","2024-02-24",5,4,62
"Paris","2024-02-25",6,8.3,79
"Paris","2024-02-26",6.7,7.9,87
"Paris","2024-02-27",6.4,0,98
"Paris","2024-02-28",5.9,0,72
"Paris","2024-02-29",9.3,1.4,100
"Paris","2024-03-01",7.3,5.5,81
"Paris","2024-03-02",6.5,11,83
"Paris","2024-03-03",5.8,3.9,91
"Paris","2024-03-04",5.1,0.5,50
"Paris","2024-03-05",6.9,7.5,91
"Paris","2024-03-06",6.2,2.5,74
"Paris","2024-03-07",6.3,0,15
"Paris","2024-03-08",8.1,0,71
"Paris","2024-03-09",9.2,4.1,85
"Paris","2024-03-10",7.9,2.7,100
"Paris","2024-03-11",7.3,2,67
"Paris","2024-03-12",8.8,5.6,99
"Paris","2024-03-13",11.5,0,100
"Paris","2024-03-14",10.7,0,64
"Paris","2024-03-15",13,9.5,89
"Paris","2024-03-16",11.8,0.3,87
"Paris","2024-03-17",11.1,5,98
"Paris","2024-03-18",12.7,6.7,80
"Paris","2024-03-19",11.8,0,91
"Paris","2024-03-20",12,0,100
"Paris","2024-03-21",12.1,0,74
"Paris","2024-03-22",10.9,0.2,78
"Paris","2024-03-23",7.6,6.1,53
"Paris","2024-03-24",6.9,0.6,24
"Paris","2024-03-25",7.2,0,88
"Paris","2024-03-26",9.4,7.2,100
"Paris","2024-03-27",8,1.2,89
"Paris","2024-03-28",9,2.7,74
"Paris","2024-03-29",10.4,5.9,100
"Paris","2024-03-30",8.9,11.2,100
"Paris","2024-03-31",9.6,4.3,86
"Paris","2024-04-01",9.6,4.4,70
"Paris","2024-04-02",10.5,0.6,62
"Paris","2024-04-03",12.6,7.6,84
"Paris","2024-04-04",14.2,12.5,82
"Paris","2024-04-05",14.9,2.1,96
"Paris","2024-04-06",16.9,0,91
"Paris","2024-04-07",15.3,9.6,99
"Paris","2024-04-08",14.3,8.3,82
"Paris","2024-04-09",9.9,3.3,51
"Paris","2024-04-10",9.8,0,50
"Paris","2024-04-11",14,0.4,95
"Paris","2024-04-12",15.5,0,75
"Paris","2024-04-13",17,0,97
"Paris","2024-04-14",13.9,0,99
"Paris","2024-04-15",9.9,3,68
"Paris","2024-04-16",9.1,1.2,40
"Paris","2024-04-17",7.2,2.4,38
"Paris","2024-04-18",7.2,1,75
"Paris","2024-04-19",9.3,1.3,89
"Paris","2024-04-20",6.8,0.2,49
"Paris","2024-04-21",6.7,0.8,41
"Paris","2024-04-22",6.5,0.8,36
"Paris","2024-04-23",6.2,0,48
"Paris","2024-04-24",7.5,1.2,67
"Paris","2024-04-25",7.3,0.1,46
"Paris","2024-04-26",9.4,4.9,80
"Paris","2024-04-27",11.7,15.7,100
"Paris","2024-04-28",12.1,4.3,51
"Paris","2024-04-29",12.3,0.3,67
"Paris","2024-04-30",13.9,2,97
"Paris","2024-05-01",15.5,3.2,100
"Paris","2024-05-02",11.9,8.8,100
"Paris","2024-05-03",11.8,2.8,63
"Paris","2024-05-04",10.7,0.7,52
"Paris","2024-05-05",12.9,2.9,100
"Paris","2024-05-06",13.6,2.8,74
"Paris","2024-05-07",13.3,1.2,45
"Paris","2024-05-08",12.1,0,60
"Paris","2024-05-09",13.4,0,53
"Paris","2024-05-10",16.2,0,58
"Paris","2024-05-11",17.7,0,56
"Paris","2024-05-12",17.8,12.7,70
"Paris","2024-05-13",17.1,0,73
"Paris","2024-05-14",14.7,15.9,100
"Paris","2024-05-15",15,2.4,71
"Paris","2024-05-16",14.7,3.9,73
"Paris","2024-05-17",14.3,0.5,100
"Paris","2024-05-18",15.2,2.9,86
"Paris","2024-05-19",15,1,73
"Paris","2024-05-20",15.4,3.3,51
"Paris","2024-05-21",14.9,13.4,87
"Paris","2024-05-22",14.8,1.5,52
"Paris","2024-05-23",14.9,2.9,58
"Paris","2024-05-24",14.2,1.8,45
"Paris","2024-05-25",15.2,2.1,76
"Paris","2024-05-26",16.6,3.3,78
"Paris","2024-05-27",13.7,1.2,68
"Paris","2024-05-28",13.4,3.8,85
"Paris","2024-05-29",15.2,22.5,93
"Paris","2024-05-30",13.6,4.2,83
"Paris","2024-05-31",13.3,3.7,74
"Paris","2024-06-01",13.5,2.9,99
"Paris","2024-06-02",14.3,0,87
"Paris","2024-06-03",14.3,0.1,54
"Paris","2024-06-04",17.2,0.8,77
"Paris","2024-06-05",15.8,0.5,64
"Paris","2024-06-06",14.1,0,31
"Paris","2024-06-07",14.3,0,8
"Paris","2024-06-08",14.8,0,43
"Paris","2024-06-09",14.5,0,18
"Paris","2024-06-10",12.8,3.3,44
"Paris","2024-06-11",12,2.5,20
"Paris","2024-06-12",11.9,4.4,32
"Paris","2024-06-13",14.6,0.7,70
"Paris","2024-06-14",16.8,8.4,78
"Paris","2024-06-15",14.6,2.6,59
"Paris","2024-06-16",15.4,5.1,78
"Paris","2024-06-17",17.5,3.5,84
"Paris","2024-06-18",17.6,16.1,98
"Paris","2024-06-19",17.6,1.3,93
"Paris","2024-06-20",18.3,1.8,97
"Paris","2024-06-21",17.7,17.3,78
"Paris","2024-06-22",16.4,5.3,79
"Paris","2024-06-23",16.6,0,36
"Paris","2024-06-24",19.9,0,18
"Paris","2024-06-25",22.4,0,36
"Paris","2024-06-26",23.7,0,46
"Paris","2024-06-27",22.9,0.2,52
"Paris","2024-06-28",18,0,47
"Paris","2024-06-29",17.3,24.6,83
"Paris","2024-06-30",18.3,3.9,98
"Paris","2024-07-01",17.6,2,79
"Paris","2024-07-02",16.3,1.2,86
"Paris","2024-07-03",15.7,0.2,94
"Paris","2024-07-04",17.7,1.3,56
"Paris","2024-07-05",18.3,0,89
"Paris","2024-07-06",17.7,0.1,63
"Paris","2024-07-07",15.7,0.1,56
"Paris","2024-07-08",17.6,0,65
"Paris","2024-07-09",20.3,1.7,76
"Paris","2024-07-10",20.9,0.2,82
"Paris","2024-07-11",19.4,0,60
"Paris","2024-07-12",16.4,14.6,88
"Paris","2024-07-13",16.3,3.4,62
"Paris","2024-07-14",17.8,0,47
"Paris","2024-07-15",20,0.2,57
"Paris","2024-07-16",19,0.4,43
"Paris","2024-07-17",19.2,0,53
"Paris","2024-07-18",22.1,0,78
"Paris","2024-07-19",24.7,0.1,71
"Paris","2024-07-20",24.2,8.4,56
"Paris","2024-07-21",21.3,4.8,90
"Paris","2024-07-22",19.8,0,66
"Paris","2024-07-23",20.3,2.8,87
"Paris","2024-07-24",19.7,0,68
"Paris","2024-07-25",22.8,0,81
"Paris","2024-07-26",20.8,7.5,98
"Paris","2024-07-27",18.6,9.9,100
"Paris","2024-07-28",18.3,0,32
"Paris","2024-07-29",21.9,0,23
"Paris","2024-07-30",26.2,0,38
"Paris","2024-07-31",25.5,4.3,61
"Paris","2024-08-01",23.1,30.9,50
"Paris","2024-08-02",22.2,1.1,32
"Paris","2024-08-03",19.8,1.8,72
"Paris","2024-08-04",20,0,93
"Paris","2024-08-05",20.6,0,9
"Paris","2024-08-06",22.1,0,39
"Paris","2024-08-07",20.2,1.1,79
"Paris","2024-08-08",21.4,0,72
"Paris","2024-08-09",21.8,0.2,65
"Paris","2024-08-10",21.6,0,37
"Paris","2024-08-11",24.8,0,56
"Paris","2024-08-12",28.2,0,8
"Paris","2024-08-13",23.1,1.3,83
"Paris","2024-08-14",22,18.5,91
"Paris","2024-08-15",21.6,0.7,47
"Paris","2024-08-16",21.2,0.7,65
"Paris","2024-08-17",20.2,26.9,100
"Paris","2024-08-18",17.7,6.4,91
"Paris","2024-08-19",16.8,0,41
"Paris","2024-08-20",18.1,24.1,53
"Paris","2024-08-21",16.3,0,78
"Paris","2024-08-22",17.9,0,57
"Paris","2024-08-23",20.2,0.6,77
"Paris","2024-08-24",21.4,4.2,27
"Paris","2024-08-25",16.7,0,19
"Paris","2024-08-26",17.8,0,37
"Paris","2024-08-27",18.9,0,45
"Paris","2024-08-28",21.4,0,23
"Paris","2024-08-29",20.8,1.5,79
"Paris","2024-08-30",17.5,13.7,97
"Paris","2024-08-31",19.3,1.2,63
"Paris","2024-09-01",22.5,0.2,55
"Paris","2024-09-02",20.6,0.1,51
"Paris","2024-09-03",19.5,7.8,99
"Paris","2024-09-04",18.4,1.5,86
"Paris","2024-09-05",16,24.1,100
"Paris","2024-09-06",16.8,0,74
"Paris","2024-09-07",18.5,4.8,90
"Paris","2024-09-08",16.3,4.7,69
"Paris","2024-09-09",16.4,1.1,81
"Paris","2024-09-10",14.8,0,91
"Paris","2024-09-11",14.5,4.5,66
"Paris","2024-09-12",11.1,1.5,21
"Paris","2024-09-13",11.4,2.5,28
"Paris","2024-09-14",11.5,0,45
"Paris","2024-09-15",12.1,0,23
"Paris","2024-09-16",14.4,0.2,71
"Paris","2024-09-17",15.8,0,39
"Paris","2024-09-18",18.2,0.5,21
"Paris","2024-09-19",19.4,0,5
"Paris","2024-09-20",16.2,17.8,38
"Paris","2024-09-21",17.3,1.8,44
"Paris","2024-09-22",17.2,15.4,96
"Paris","2024-09-23",15.4,7,67
"Paris","2024-09-24",15,3.2,81
"Paris","2024-09-25",14.5,16,92
"Paris","2024-09-26",16,10.4,78
"Paris","2024-09-27",13,2,65
"Paris","2024-09-28",10.5,0.5,33
"Paris","2024-09-29",9.6,0,94
"Paris","2024-09-30",14.7,0.3,94
"Paris","2024-10-01",14,0,66
"Paris","2024-10-02",13.3,1.7,66
"Paris","2024-10-03",11.6,0.2,65
"Paris","2024-10-04",9.9,0,19
"Paris","2024-10-05",10.4,0,24
"Paris","2024-10-06",12.8,4.4,94
"Paris","2024-10-07",15.7,8.8,93
"Paris","2024-10-08",15.7,0.2,76
"Paris","2024-10-09",14.3,54.5,97
"Paris","2024-10-10",12.9,2,60
"Paris","2024-10-11",9.3,0,44
"Paris","2024-10-12",11.4,1.4,95
"Paris","2024-10-13",11.6,0,100
"Paris","2024-10-14",14.4,0.2,74
"Paris","2024-10-15",15.2,0.2,100
"Paris","2024-10-16",19.1,6.8,60
"Paris","2024-10-17",16.6,13.1,89
"Paris","2024-10-18",14.4,8.7,100
"Paris","2024-10-19",13.5,1.8,86
"Paris","2024-10-20",14.7,0.9,100
"Paris","2024-10-21",16.5,1.7,72
"Paris","2024-10-22",12.5,0,34
"Paris","2024-10-23",10.4,0,49
"Paris","2024-10-24",11.4,0,10
"Paris","2024-10-25",14.7,2.3,64
"Paris","2024-10-26",14.3,5.9,83
"Paris","2024-10-27",14.3,3.1,96
"Paris","2024-10-28",13.2,0,57
"Paris","2024-10-29",10.9,0,54
"Paris","2024-10-30",12.5,0,98
"Paris","2024-10-31",12,0,80
"Paris","2024-11-01",10.8,0.1,100
"Paris","2024-11-02",10.9,0.5,96
"Paris","2024-11-03",10.3,0,72
"Paris","2024-11-04",9.3,0,54
"Paris","2024-11-05",9.2,0,82
"Paris","2024-11-06",10.5,0,93
"Paris","2024-11-07",11.1,0,98
"Paris","2024-11-08",9.4,0,100
"Paris","2024-11-09",10.6,0,87
"Paris","2024-11-10",10.2,0.6,90
"Paris","2024-11-11",8.7,0.5,78
"Paris","2024-11-12",8.7,1.2,67
"Paris","2024-11-13",7.7,0,82
"Paris","2024-11-14",8.2,0,83
"Paris","2024-11-15",8.8,0,78
"Paris","2024-11-16",7.6,0,84
"Paris","2024-11-17",7.5,0.4,81
"Paris","2024-11-18",8.7,4.7,90
"Paris","2024-11-19",10.5,18.1,97
"Paris","2024-11-20",4.2,0.9,59
"Paris","2024-11-21",0.8,9.5,94
"Paris","2024-11-22",0.9,1.7,63
"Paris","2024-11-23",4.9,0,91
"Paris","2024-11-24",15.1,0,91
"Paris","2024-11-25",13.1,8.7,92
"Paris","2024-11-26",8.7,2.1,59
"Paris","2024-11-27",10.4,8.6,95
"Paris","2024-11-28",6.5,0,54
"Paris","2024-11-29",3.7,0,29
"Paris","2024-11-30",3,0,38
"Paris","2024-12-01",5.6,0,88
"Paris","2024-12-02",10.2,0.1,59
"Paris","2024-12-03",5.7,0.7,47
"Paris","2024-12-04",4.6,0,92
"Paris","2024-12-05",7.7,3.4,100
"Paris","2024-12-06",9.3,2,60
"Paris","2024-12-07",8.9,9.2,79
"Paris","2024-12-08",7.3,5.3,98
"Paris","2024-12-09",5.7,1,99
"Paris","2024-12-10",5.4,0.1,100
"Paris","2024-12-11",5.1,0.3,100
"Paris","2024-12-12",4,0,97
"Paris","2024-12-13",2.1,0,85
"Paris","2024-12-14",1.7,0,96
"Paris","2024-12-15",6,0,69
"Paris","2024-12-16",9.4,0,99
"Paris","2024-12-17",7.1,0,99
"Paris","2024-12-18",10.3,1.5,94
"Paris","2024-12-19",9,7.8,70
"Paris","2024-12-20",4.9,0.1,52
"Paris","2024-12-21",8.5,2.3,96
"Paris","2024-12-22",6.8,19.7,81
"Paris","2024-12-23",6,1,81
"Paris","2024-12-24",6.8,1,100
"Paris","2024-12-25",9.4,0,100
"Paris","2024-12-26",7.1,0,58
"Paris","2024-12-27",2,0,14
"Paris","2024-12-28",0.6,0,92
"Paris","2024-12-29",2.7,0,100
"Paris","2024-12-30",3.4,0.1,100
"Paris","2024-12-31",3.6,0,99
"Strasbourg","2024-01-01",6.3,0,92
"Strasbourg","2024-01-02",8.2,10.6,100
"Strasbourg","2024-01-03",10.1,6.4,88
"Strasbourg","2024-01-04",8,5.6,91
"Strasbourg","2024-01-05",6.2,0,100
"Strasbourg","2024-01-06",4.2,0.3,100
"Strasbourg","2024-01-07",3.1,2.6,100
"Strasbourg","2024-01-08",-1.5,0,92
"Strasbourg","2024-01-09",-2.9,0,52
"Strasbourg","2024-01-10",-2.7,0.4,54
"Strasbourg","2024-01-11",-2.9,0,3
"Strasbourg","2024-01-12",-2.7,0,41
"Strasbourg","2024-01-13",-2.5,0,97
"Strasbourg","2024-01-14",-3.5,0,86
"Strasbourg","2024-01-15",-1.4,1,72
"Strasbourg","2024-01-16",-2.5,0,61
"Strasbourg","2024-01-17",1.3,15.9,100
"Strasbourg","2024-01-18",2.8,11,100
"Strasbourg","2024-01-19",-1.5,0,63
"Strasbourg","2024-01-20",-4.4,0,51
"Strasbourg","2024-01-21",-0.2,0,83
"Strasbourg","2024-01-22",5.9,6.4,90
"Strasbourg","2024-01-23",6.7,3.7,96
"Strasbourg","2024-01-24",10.4,3.5,92
"Strasbourg","2024-01-25",8.2,1.2,99
"Strasbourg","2024-01-26",7.9,3.6,78
"Strasbourg","2024-01-27",1.7,0,26
"Strasbourg","2024-01-28",0.6,0,64
"Strasbourg","2024-01-29",3,0,94
"Strasbourg","2024-01-30",3.4,0.2,91
"Strasbourg","2024-01-31",5.1,0,90
"Strasbourg","2024-02-01",7.5,5.5,88
"Strasbourg","2024-02-02",5.5,0,71
"Strasbourg","2024-02-03",7,0,100
"Strasbourg","2024-02-04",7.8,0,100
"Strasbourg","2024-02-05",6.4,0,66
"Strasbourg","2024-02-06",5.7,0,91
"Strasbourg","2024-02-07",8.4,5.4,98
"Strasbourg","2024-02-08",10.3,9.9,100
"Strasbourg","2024-02-09",10.9,5.3,100
"Strasbourg","2024-02-10",9,2.4,97
"Strasbourg","2024-02-11",8.2,7.7,81
"Strasbourg","2024-02-12",7.2,2.3,84
"Strasbourg","2024-02-13",5.3,1,58
"Strasbourg","2024-02-14",8.6,0.3,96
"Strasbourg","2024-02-15",9.7,0,94
"Strasbourg","2024-02-16",10.8,4.2,100
"Strasbourg","2024-02-17",10.1,3.6,69
"Strasbourg","2024-02-18",6.7,3.3,83
"Strasbourg","2024-02-19",9.5,13.1,82
"Strasbourg","2024-02-20",7.3,1.3,73
"Strasbourg","2024-02-21",7.1,0.4,98
"Strasbourg","2024-02-22",10.1,13.5,100
"Strasbourg","2024-02-23",6.6,0.8,47
"Strasbourg","2024-02-24",5.6,2.3,69
"Strasbourg","2024-02-25",5.7,0.2,62
"Strasbourg","2024-02-26",8.4,4.1,100
"Strasbourg","2024-02-27",8.2,0.1,91
"Strasbourg","2024-02-28",5.9,0,48
"Strasbourg","2024-02-29",4.1,0,38
"Strasbourg","2024-03-01",6.6,0.2,79
"Strasbourg","2024-03-02",7.9,0,63
"Strasbourg","2024-03-03",8.8,0.1,85
"Strasbourg","2024-03-04",7.7,2.5,99
"Strasbourg","2024-03-05",7.3,3.2,97
"Strasbourg","2024-03-06",5.8,3.2,95
"Strasbourg","2024-03-07",5.9,0,34
"Strasbourg","2024-03-08",4.4,0,22
"Strasbourg","2024-03-09",8.1,0.6,84
"Strasbourg","2024-03-10",8.4,8.9,100
"Strasbourg","2024-03-11",8.1,3.3,57
"Strasbourg","2024-03-12",7.7,4.7,79
"Strasbourg","2024-03-13",10,15.3,97
"Strasbourg","2024-03-14",10.6,0,90
"Strasbourg","2024-03-15",11.8,1.8,83
"Strasbourg","2024-03-16",10.8,9.1,70
"Strasbourg","2024-03-17",8.7,0,97
"Strasbourg","2024-03-18",10.7,8.6,80
"Strasbourg","2024-03-19",9.7,0,70
"Strasbourg","2024-03-20",10.4,0,82
"Strasbourg","2024-03-21",12.4,0.1,88
"Strasbourg","2024-03-22",11.9,0,67
"Strasbourg","2024-03-23",8.8,8.6,62
"Strasbourg","2024-03-24",5.9,12.7,66
"Strasbourg","2024-03-25",6.4,0.1,41
"Strasbourg","2024-03-26",8.4,0,76
"Strasbourg","2024-03-27",7.6,0.7,99
"Strasbourg","2024-03-28",7.4,2.3,50
"Strasbourg","2024-03-29",9.2,13.6,98
"Strasbourg","2024-03-30",10.7,2.8,99
"Strasbourg","2024-03-31",11.7,6.3,91
"Strasbourg","2024-04-01",9.6,13.8,91
"Strasbourg","2024-04-02",10.1,0,54
"Strasbourg","2024-04-03",9.8,3.1,95
"Strasbourg","2024-04-04",12.6,13.4,90
"Strasbourg","2024-04-05",15.3,0.1,96
"Strasbourg","2024-04-06",17.2,0,85
"Strasbourg","2024-04-07",18.1,0,98
"Strasbourg","2024-04-08",17.4,0.1,69
"Strasbourg","2024-04-09",11.7,2.3,93
"Strasbourg","2024-04-10",9,0.5,46
"Strasbourg","2024-04-11",9.6,0,38
"Strasbourg","2024-04-12",12.3,0,80
"Strasbourg","2024-04-13",15,0,92
"Strasbourg","2024-04-14",16.3,0,96
"Strasbourg","2024-04-15",13.8,11.3,88
"Strasbourg","2024-04-16",8.2,12.9,75
"Strasbourg","2024-04-17",6.8,13.3,88
"Strasbourg","2024-04-18",6,5,78
"Strasbourg","2024-04-19",6.2,11.3,88
"Strasbourg","2024-04-20",6.1,6.3,74
"Strasbourg","2024-04-21",5,11.4,88
"Strasbourg","2024-04-22",5.3,2.3,28
"Strasbourg","2024-04-23",5.3,0,28
"Strasbourg","2024-04-24",5.1,4.7,59
"Strasbourg","2024-04-25",6.1,1.6,66
"Strasbourg","2024-04-26",8,2.6,64
"Strasbourg","2024-04-27",12.3,0,56
"Strasbourg","2024-04-28",12.3,2.4,99
"Strasbourg","2024-04-29",13.5,0.6,88
"Strasbourg","2024-04-30",16.1,0,49
"Strasbourg","2024-05-01",17.3,0,58
"Strasbourg","2024-05-02",14.7,2.8,80
"Strasbourg","2024-05-03",12.2,2.6,100
"Strasbourg","2024-05-04",12.7,0.4,93
"Strasbourg","2024-05-05",15.4,6.5,92
"Strasbourg","2024-05-06",14.1,11.3,100
"Strasbourg","2024-05-07",13.3,2.3,82
"Strasbourg","2024-05-08",12.8,0,46
"Strasbourg","2024-05-09",14.2,0,20
"Strasbourg","2024-05-10",15.2,0,17
"Strasbourg","2024-05-11",16.2,0,13
"Strasbourg","2024-05-12",17.8,0,87
"Strasbourg","2024-05-13",18.2,0.5,63
"Strasbourg","2024-05-14",17.8,0.1,37
"Strasbourg","2024-05-15",15.7,8.8,100
"Strasbourg","2024-05-16",15.1,2.2,71
"Strasbourg","2024-05-17",12.7,67.3,100
"Strasbourg","2024-05-18",15.1,0.3,65
"Strasbourg","2024-05-19",15.2,0.8,52
"Strasbourg","2024-05-20",16.1,0,65
"Strasbourg","2024-05-21",15.1,26,100
"Strasbourg","2024-05-22",15.6,1,69
"Strasbourg","2024-05-23",13.8,8.6,78
"Strasbourg","2024-05-24",14.7,10.1,88
"Strasbourg","2024-05-25",15.2,0.1,23
"Strasbourg","2024-05-26",16.5,2.7,84
"Strasbourg","2024-05-27",16.8,1,72
"Strasbourg","2024-05-28",15.4,0.1,45
"Strasbourg","2024-05-29",15.8,5.2,96
"Strasbourg","2024-05-30",16,8.1,63
"Strasbourg","2024-05-31",13.6,5.4,97
"Strasbourg","2024-06-01",15,4.1,98
"Strasbourg","2024-06-02",16.3,20.2,99
"Strasbourg","2024-06-03",15.8,0.5,86
"Strasbourg","2024-06-04",16.3,0.1,30
"Strasbourg","2024-06-05",17.5,1.7,67
"Strasbourg","2024-06-06",17.8,1,49
"Strasbourg","2024-06-07",18,0,41
"Strasbourg","2024-06-08",17.4,0.8,67
"Strasbourg","2024-06-09",18,0.2,61
"Strasbourg","2024-06-10",16.2,0.1,45
"Strasbourg","2024-06-11",13.1,0.2,49
"Strasbourg","2024-06-12",13.7,0.2,31
"Strasbourg","2024-06-13",14.6,0,57
"Strasbourg","2024-06-14",16.6,2.8,87
"Strasbourg","2024-06-15",17.2,7,59
"Strasbourg","2024-06-16",16.9,5.3,79
"Strasbourg","2024-06-17",17.8,4.5,88
"Strasbourg","2024-06-18",20.6,0,89
"Strasbourg","2024-06-19",20.6,7,64
"Strasbourg","2024-06-20",20,1.4,93
"Strasbourg","2024-06-21",19.4,5.5,79
"Strasbourg","2024-06-22",16,10.4,81
"Strasbourg","2024-06-23",17.6,0.1,41
"Strasbourg","2024-06-24",20.8,0,16
"Strasbourg","2024-06-25",21.7,0,2
"Strasbourg","2024-06-26",21.6,1.6,46
"Strasbourg","2024-06-27",22.8,2.5,40
"Strasbourg","2024-06-28",22.3,4,56
"Strasbourg","2024-06-29",22.1,14.5,77
"Strasbourg","2024-06-30",18.9,18.8,92
"Strasbourg","2024-07-01",17.4,7.7,62
"Strasbourg","2024-07-02",15.6,2.2,79
"Strasbourg","2024-07-03",15,15.3,100
"Strasbourg","2024-07-04",16.9,1.5,65
"Strasbourg","2024-07-05",18,0,80
"Strasbourg","2024-07-06",18.5,11.2,77
"Strasbourg","2024-07-07",16.9,0.4,65
"Strasbourg","2024-07-08",18.9,0,32
"Strasbourg","2024-07-09",22.9,0,40
"Strasbourg","2024-07-10",21.9,13.7,78
"Strasbourg","2024-07-11",21.7,2,73
"Strasbourg","2024-07-12",20.8,3.9,96
"Strasbourg","2024-07-13",17.5,0.6,45
"Strasbourg","2024-07-14",18.4,0,54
"Strasbourg","2024-07-15",21.3,1.9,64
"Strasbourg","2024-07-16",21.1,0.2,43
"Strasbourg","2024-07-17",20,0.3,33
"Strasbourg","2024-07-18",21.3,0,64
"Strasbourg","2024-07-19",22.9,0,40
"Strasbourg","2024-07-20",23.5,0.2,19
"Strasbourg","2024-07-21",22.2,15.8,69
"Strasbourg","2024-07-22",21.1,1.4,61
"Strasbourg","2024-07-23",20.5,1.3,75
"Strasbourg","2024-07-24",19,0.2,74
"Strasbourg","2024-07-25",19.7,0,65
"Strasbourg","2024-07-26",21.6,0.1,83
"Strasbourg","2024-07-27",21.7,13.7,98
"Strasbourg","2024-07-28",20.1,1.9,48
"Strasbourg","2024-07-29",20.4,0,0
"Strasbourg","2024-07-30",23.4,0,36
"Strasbourg","2024-07-31",24.7,0,49
"Strasbourg","2024-08-01",23,0.1,75
"Strasbourg","2024-08-02",21.1,6.8,47
"Strasbourg","2024-08-03",21,1.2,71
"Strasbourg","2024-08-04",20.3,2.2,90
"Strasbourg","2024-08-05",20.3,0,37
"Strasbourg","2024-08-06",21.6,0,26
"Strasbourg","2024-08-07",21.3,4.8,67
"Strasbourg","2024-08-08",20.4,0.2,68
"Strasbourg","2024-08-09",21.6,0,44
"Strasbourg","2024-08-10",22.5,0,11
"Strasbourg","2024-08-11",23.6,0,49
"Strasbourg","2024-08-12",24.3,1.1,78
"Strasbourg","2024-08-13",25.8,0,28
"Strasbourg","2024-08-14",23.7,0.3,61
"Strasbourg","2024-08-15",22.5,0,27
"Strasbourg","2024-08-16",23.1,0.4,14
"Strasbourg","2024-08-17",22.5,1.8,77
"Strasbourg","2024-08-18",19.8,15.8,100
"Strasbourg","2024-08-19",19.8,0,43
"Strasbourg","2024-08-20",19.3,0.1,35
"Strasbourg","2024-08-21",18.2,0.1,66
"Strasbourg","2024-08-22",17.2,0,51
"Strasbourg","2024-08-23",20.1,0,64
"Strasbourg","2024-08-24",23.1,8.2,15
"Strasbourg","2024-08-25",18.6,9.3,58
"Strasbourg","2024-08-26",17.1,0,12
"Strasbourg","2024-08-27",19.4,0,1
"Strasbourg","2024-08-28",21.6,0,2
"Strasbourg","2024-08-29",24.3,0,20
"Strasbourg","2024-08-30",24.5,0,95
"Strasbourg","2024-08-31",24.1,0,79
"Strasbourg","2024-09-01",23.5,0,45
"Strasbourg","2024-09-02",21.6,0.1,51
"Strasbourg","2024-09-03",22.5,0,28
"Strasbourg","2024-09-04",21.4,1.7,91
"Strasbourg","2024-09-05",21.2,8.5,74
"Strasbourg","2024-09-06",18.9,3.7,81
"Strasbourg","2024-09-07",21,0,46
"Strasbourg","2024-09-08",19.4,7.3,92
"Strasbourg","2024-09-09",17.2,3.6,74
"Strasbourg","2024-09-10",16.3,0.4,69
"Strasbourg","2024-09-11",13.4,4,95
"Strasbourg","2024-09-12",11,1.6,48
"Strasbourg","2024-09-13",10.8,3.5,76
"Strasbourg","2024-09-14",11.4,0.2,70
"Strasbourg","2024-09-15",11.3,0,28
"Strasbourg","2024-09-16",12,1.3,93
"Strasbourg","2024-09-17",15.2,0,67
"Strasbourg","2024-09-18",17.9,0.6,15
"Strasbourg","2024-09-19",18,0,8
"Strasbourg","2024-09-20",16,0,6
"Strasbourg","2024-09-21",16.4,0,36
"Strasbourg","2024-09-22",16.4,3.9,99
"Strasbourg","2024-09-23",15.9,14.7,99
"Strasbourg","2024-09-24",15.4,0.3,63
"Strasbourg","2024-09-25",16.1,2,86
"Strasbourg","2024-09-26",16.3,14.6,96
"Strasbourg","2024-09-27",14.4,2.4,58
"Strasbourg","2024-09-28",12,1.4,68
"Strasbourg","2024-09-29",9.9,0,59
"Strasbourg","2024-09-30",13.5,5.6,94
"Strasbourg","2024-10-01",14.6,6.7,99
"Strasbourg","2024-10-02",12.3,6.4,82
"Strasbourg","2024-10-03",10.7,0.2,62
"Strasbourg","2024-10-04",10.6,0.4,60
"Strasbourg","2024-10-05",10.3,0,18
"Strasbourg","2024-10-06",9.8,0.7,70
"Strasbourg","2024-10-07",15.2,30.7,82
"Strasbourg","2024-10-08",14.6,25.9,100
"Strasbourg","2024-10-09",14.1,3.5,76
"Strasbourg","2024-10-10",14.6,11.3,76
"Strasbourg","2024-10-11",11.1,1.1,30
"Strasbourg","2024-10-12",9,0.5,76
"Strasbourg","2024-10-13",12.4,1.3,95
"Strasbourg","2024-10-14",11.9,5.9,73
"Strasbourg","2024-10-15",12.6,1.1,100
"Strasbourg","2024-10-16",12.9,0.6,86
"Strasbourg","2024-10-17",15.2,3.1,89
"Strasbourg","2024-10-18",14.4,7.3,92
"Strasbourg","2024-10-19",14.1,0.2,77
"Strasbourg","2024-10-20",12.9,0,100
"Strasbourg","2024-10-21",14.7,0,59
"Strasbourg","2024-10-22",14.8,1.6,72
"Strasbourg","2024-10-23",11,0,7
"Strasbourg","2024-10-24",10,0,58
"Strasbourg","2024-10-25",13.6,0,53
"Strasbourg","2024-10-26",10.8,0,93
"Strasbourg","2024-10-27",12.3,0.1,51
"Strasbourg","2024-10-28",12.9,0,52
"Strasbourg","2024-10-29",11.9,0,55
"Strasbourg","2024-10-30",11.2,0,87
"Strasbourg","2024-10-31",10.2,0,85
"Strasbourg","2024-11-01",10.4,0,70
"Strasbourg","2024-11-02",8.8,0,71
"Strasbourg","2024-11-03",7.8,0,42
"Strasbourg","2024-11-04",5.4,0,80
"Strasbourg","2024-11-05",7.1,0,83
"Strasbourg","2024-11-06",8.4,0,89
"Strasbourg","2024-11-07",6.6,0,95
"Strasbourg","2024-11-08",7.8,0,98
"Strasbourg","2024-11-09",7.6,0,75
"Strasbourg","2024-11-10",5.6,0,82
"Strasbourg","2024-11-11",4.5,4.3,88
"Strasbourg","2024-11-12",6.5,1,67
"Strasbourg","2024-11-13",4.3,0,79
"Strasbourg","2024-11-14",4.8,1.2,100
"Strasbourg","2024-11-15",6.7,1.3,66
"Strasbourg","2024-11-16",3.2,0,59
"Strasbourg","2024-11-17",4.3,1.7,94
"Strasbourg","2024-11-18",6.7,6.7,99
"Strasbourg","2024-11-19",9.2,26.9,100
"Strasbourg","2024-11-20",4.4,12,61
"Strasbourg","2024-11-21",1.7,2.7,93
"Strasbourg","2024-11-22",-0.3,1.3,73
"Strasbourg","2024-11-23",2.3,0.4,94
"Strasbourg","2024-11-24",10,0,93
"Strasbourg","2024-11-25",12.3,3.8,77
"Strasbourg","2024-11-26",9.3,3.7,77
"Strasbourg","2024-11-27",8,14.2,83
"Strasbourg","2024-11-28",7.2,5.3,65
"Strasbourg","2024-11-29",1.5,0,14
"Strasbourg","2024-11-30",-0.5,0,87
"Strasbourg","2024-12-01",0.6,0,71
"Strasbourg","2024-12-02",4.4,0.9,88
"Strasbourg","2024-12-03",4.5,2.5,83
"Strasbourg","2024-12-04",3,1.8,70
"Strasbourg","2024-12-05",1.3,2.5,92
"Strasbourg","2024-12-06",7.2,8.4,76
"Strasbourg","2024-12-07",5.7,6,86
"Strasbourg","2024-12-08",5.3,0.6,94
"Strasbourg","2024-12-09",4.6,0.3,93
"Strasbourg","2024-12-10",4.1,0,85
"Strasbourg","2024-12-11",3.3,0,89
"Strasbourg","2024-12-12",1.3,0,53
"Strasbourg","2024-12-13",0.1,0,80
"Strasbourg","2024-12-14",0.4,0,99
"Strasbourg","2024-12-15",3.5,0.5,96
"Strasbourg","2024-12-16",5.9,0,100
"Strasbourg","2024-12-17",4.4,0,100
"Strasbourg","2024-12-18",6.6,0,88
"Strasbourg","2024-12-19",8.7,21.2,92
"Strasbourg","2024-12-20",3.2,0.4,66
"Strasbourg","2024-12-21",4.5,3.1,98
"Strasbourg","2024-12-22",5.5,19.8,95
"Strasbourg","2024-12-23",3,6.9,60
"Strasbourg","2024-12-24",3.3,0.5,86
"Strasbourg","2024-12-25",4.1,0,81
"Strasbourg","2024-12-26",0.9,0,1
"Strasbourg","2024-12-27",-1.5,0,51
"Strasbourg","2024-12-28",-2.4,0,60
"Strasbourg","2024-12-29",-2.2,0,91
"Strasbourg","2024-12-30",-0.6,0,95
"Strasbourg","2024-12-31",-1.6,0,74
"Marseille","2024-01-01",8.9,0,69
"Marseille","2024-01-02",9.8,0,93
"Marseille","2024-01-03",11.4,0,96
"Marseille","2024-01-04",11.6,0,49
"Marseille","2024-01-05",11.9,17.8,100
"Marseille","2024-01-06",7.5,0,93
"Marseille","2024-01-07",6.2,0,89
"Marseille","2024-01-08",4,0,76
"Marseille","2024-01-09",4.4,0.4,67
"Marseille","2024-01-10",8.5,10.1,98
"Marseille","2024-01-11",8.1,8.4,82
"Marseille","2024-01-12",3.2,0,44
"Marseille","2024-01-13",5.7,0,54
"Marseille","2024-01-14",4.5,0,87
"Marseille","2024-01-15",8,0,37
"Marseille","2024-01-16",7.9,0.2,63
"Marseille","2024-01-17",12.4,4.9,87
"Marseille","2024-01-18",12,0,63
"Marseille","2024-01-19",4.8,0,93
"Marseille","2024-01-20",4.4,0,23
"Marseille","2024-01-21",5.7,0,24
"Marseille","2024-01-22",8.6,0.2,54
"Marseille","2024-01-23",10.4,0,69
"Marseille","2024-01-24",13,0,54
"Marseille","2024-01-25",13.3,0,0
"Marseille","2024-01-26",14,0,54
"Marseille","2024-01-27",12,0,25
"Marseille","2024-01-28",11.2,0,53
"Marseille","2024-01-29",10.9,0,79
"Marseille","2024-01-30",9.3,0,87
"Marseille","2024-01-31",8.8,0,60
"Marseille","2024-02-01",10.4,0,96
"Marseille","2024-02-02",10.5,0,26
"Marseille","2024-02-03",11.3,0,37
"Marseille","2024-02-04",10.3,0,18
"Marseille","2024-02-05",9.8,0,31
"Marseille","2024-02-06",10.1,0,99
"Marseille","2024-02-07",8.9,0,60
"Marseille","2024-02-08",11.8,0,79
"Marseille","2024-02-09",13.2,11.6,100
"Marseille","2024-02-10",11.7,24.3,95
"Marseille","2024-02-11",10.2,0,32
"Marseille","2024-02-12",8.9,1.8,39
"Marseille","2024-02-13",9.3,0,35
"Marseille","2024-02-14",10.2,0,22
"Marseille","2024-02-15",11.8,0.2,79
"Marseille","2024-02-16",11.3,0,93
"Marseille","2024-02-17",11.2,0,16
"Marseille","2024-02-18",11.6,0,57
"Marseille","2024-02-19",13.3,0,56
"Marseille","2024-02-20",11.9,0,78
"Marseille","2024-02-21",10.7,0,93
"Marseille","2024-02-22",12.8,6.7,98
"Marseille","2024-02-23",10.1,0.3,70
"Marseille","2024-02-24",8.1,5.2,71
"Marseille","2024-02-25",8.7,6.1,77
"Marseille","2024-02-26",11.7,16.8,90
"Marseille","2024-02-27",10.1,5.4,86
"Marseille","2024-02-28",10.5,1.3,60
"Marseille","2024-02-29",10,0,17
"Marseille","2024-03-01",10.9,0,63
"Marseille","2024-03-02",11.1,3.3,53
"Marseille","2024-03-03",10.5,24.8,91
"Marseille","2024-03-04",8.9,0.3,58
"Marseille","2024-03-05",10,0.1,33
"Marseille","2024-03-06",8.9,0,14
"Marseille","2024-03-07",8.4,0,24
"Marseille","2024-03-08",10,11.1,89
"Marseille","2024-03-09",11.1,19.1,92
"Marseille","2024-03-10",11.8,23.1,62
"Marseille","2024-03-11",10.5,2.3,51
"Marseille","2024-03-12",11.3,0,35
"Marseille","2024-03-13",11.4,0,16
"Marseille","2024-03-14",10.5,0,46
"Marseille","2024-03-15",11.3,0,59
"Marseille","2024-03-16",13.7,0,70
"Marseille","2024-03-17",12.5,0,95
"Marseille","2024-03-18",14.4,0,49
"Marseille","2024-03-19",13.1,0,58
"Marseille","2024-03-20",12.5,0,55
"Marseille","2024-03-21",13.3,0,47
"Marseille","2024-03-22",14.1,0,81
"Marseille","2024-03-23",13.1,0,55
"Marseille","2024-03-24",11.8,0,37
"Marseille","2024-03-25",11.3,1.9,68
"Marseille","2024-03-26",12.3,6.5,95
"Marseille","2024-03-27",10.7,13.3,64
"Marseille","2024-03-28",13.7,2.9,62
"Marseille","2024-03-29",15.4,0,85
"Marseille","2024-03-30",14.9,9.9,92
"Marseille","2024-03-31",13.4,32.2,98
"Marseille","2024-04-01",12.1,6.9,37
"Marseille","2024-04-02",11.8,0,30
"Marseille","2024-04-03",14.1,0,42
"Marseille","2024-04-04",13.8,0,32
"Marseille","2024-04-05",15.1,0,64
"Marseille","2024-04-06",16.5,0,81
"Marseille","2024-04-07",18.1,0,100
"Marseille","2024-04-08",19.7,0.5,75
"Marseille","2024-04-09",14.4,3.2,62
"Marseille","2024-04-10",12.1,0,13
"Marseille","2024-04-11",14.2,1.3,9
"Marseille","2024-04-12",17.4,0,3
"Marseille","2024-04-13",17.3,0,33
"Marseille","2024-04-14",17.5,0,1
"Marseille","2024-04-15",17.3,0.1,59
"Marseille","2024-04-16",14.5,0,22
"Marseille","2024-04-17",12.1,0,3
"Marseille","2024-04-18",10.6,0,14
"Marseille","2024-04-19",11.8,0,0
"Marseille","2024-04-20",12.3,0,3
"Marseille","2024-04-21",11.1,0,0
"Marseille","2024-04-22",8.7,0,13
"Marseille","2024-04-23",9.7,0,17
"Marseille","2024-04-24",10.7,0,5
"Marseille","2024-04-25",11.2,0,33
"Marseille","2024-04-26",11.6,9.8,97
"Marseille","2024-04-27",14.4,1.4,97
"Marseille","2024-04-28",15.7,10.8,98
"Marseille","2024-04-29",17.6,0.4,79
"Marseille","2024-04-30",16.9,0.2,84
"Marseille","2024-05-01",15,8.6,97
"Marseille","2024-05-02",11.3,8.5,94
"Marseille","2024-05-03",12.6,0,34
"Marseille","2024-05-04",14,0,91
"Marseille","2024-05-05",15.4,0,50
"Marseille","2024-05-06",16,2.7,81
"Marseille","2024-05-07",14.9,2,38
"Marseille","2024-05-08",15.9,0,37
"Marseille","2024-05-09",16.9,0,7
"Marseille","2024-05-10",17.5,0,8
"Marseille","2024-05-11",18.2,0,2
"Marseille","2024-05-12",17.6,0.3,50
"Marseille","2024-05-13",18,0,66
"Marseille","2024-05-14",18.2,18.4,94
"Marseille","2024-05-15",16.1,9.2,66
"Marseille","2024-05-16",15.3,0.3,37
"Marseille","2024-05-17",15.3,0,11
"Marseille","2024-05-18",16.6,0,12
"Marseille","2024-05-19",16.4,0,50
"Marseille","2024-05-20",16.3,0.2,72
"Marseille","2024-05-21",17.2,0.2,11
"Marseille","2024-05-22",17.4,0,19
"Marseille","2024-05-23",17.7,0.1,17
"Marseille","2024-05-24",17,0.7,73
"Marseille","2024-05-25",16.9,0,22
"Marseille","2024-05-26",17,0,65
"Marseille","2024-05-27",18.3,0.6,79
"Marseille","2024-05-28",19.4,0,58
"Marseille","2024-05-29",20.2,0.2,98
"Marseille","2024-05-30",20.2,0.1,44
"Marseille","2024-05-31",17.9,0,3
"Marseille","2024-06-01",18,0,4
"Marseille","2024-06-02",18.3,0.6,51
"Marseille","2024-06-03",19.3,0,6
"Marseille","2024-06-04",17.8,0,32
"Marseille","2024-06-05",18.5,0,10
"Marseille","2024-06-06",20,0,57
"Marseille","2024-06-07",21.1,0,76
"Marseille","2024-06-08",22.7,0.3,88
"Marseille","2024-06-09",21.4,17.3,97
"Marseille","2024-06-10",20.6,0.1,27
"Marseille","2024-06-11",20.4,0,53
"Marseille","2024-06-12",18.8,0,35
"Marseille","2024-06-13",18.5,0,15
"Marseille","2024-06-14",18.6,2.6,61
"Marseille","2024-06-15",19.8,0.1,56
"Marseille","2024-06-16",19.2,0,6
"Marseille","2024-06-17",19.8,0,21
"Marseille","2024-06-18",24.3,0,43
"Marseille","2024-06-19",25.2,0.6,51
"Marseille","2024-06-20",23.8,12.4,89
"Marseille","2024-06-21",22,5.3,38
"Marseille","2024-06-22",21.2,1.4,34
"Marseille","2024-06-23",21,0,36
"Marseille","2024-06-24",20.8,0,36
"Marseille","2024-06-25",20,2.1,67
"Marseille","2024-06-26",21,0.1,42
"Marseille","2024-06-27",22,0,27
"Marseille","2024-06-28",22.5,0,29
"Marseille","2024-06-29",23.1,0.7,67
"Marseille","2024-06-30",21.6,0,35
"Marseille","2024-07-01",23.9,0,65
"Marseille","2024-07-02",22.3,0,34
"Marseille","2024-07-03",22.3,0,61
"Marseille","2024-07-04",23.6,0,0
"Marseille","2024-07-05",22.6,0,21
"Marseille","2024-07-06",22.5,1.3,62
"Marseille","2024-07-07",22.6,0.3,26
"Marseille","2024-07-08",22.9,0,4
"Marseille","2024-07-09",23.3,0,31
"Marseille","2024-07-10",23.6,0,2
"Marseille","2024-07-11",24.6,0,9
"Marseille","2024-07-12",25,1.9,14
"Marseille","2024-07-13",23.2,0,44
"Marseille","2024-07-14",23.5,0,34
"Marseille","2024-07-15",23.2,0,8
"Marseille","2024-07-16",26.1,0,27
"Marseille","2024-07-17",26.7,0,56
"Marseille","2024-07-18",25.1,0,2
"Marseille","2024-07-19",25.1,0.1,32
"Marseille","2024-07-20",26.4,0,3
"Marseille","2024-07-21",23.9,3.5,73
"Marseille","2024-07-22",24.9,0,0
"Marseille","2024-07-23",25.6,0,0
"Marseille","2024-07-24",26,0,31
"Marseille","2024-07-25",24.7,0,1
"Marseille","2024-07-26",24.6,0,0
"Marseille","2024-07-27",23.4,0,2
"Marseille","2024-07-28",25,0,0
"Marseille","2024-07-29",25.6,0,0
"Marseille","2024-07-30",26,0,25
"Marseille","2024-07-31",26.2,0,15
"Marseille","2024-08-01",27.2,0,3
"Marseille","2024-08-02",29,0,25
"Marseille","2024-08-03",28,0,5
"Marseille","2024-08-04",27.4,0,4
"Marseille","2024-08-05",25.9,0,2
"Marseille","2024-08-06",25.7,0,3
"Marseille","2024-08-07",26.3,0,48
"Marseille","2024-08-08",27.6,0,18
"Marseille","2024-08-09",28.3,0,4
"Marseille","2024-08-10",26.6,0,18
"Marseille","2024-08-11",26.7,0,26
"Marseille","2024-08-12",26.2,0,0
"Marseille","2024-08-13",25.6,0,4
"Marseille","2024-08-14",26.5,0,77
"Marseille","2024-08-15",24.1,17.1,67
"Marseille","2024-08-16",24.5,3.1,50
"Marseille","2024-08-17",24.5,0,21
"Marseille","2024-08-18",24,0,29
"Marseille","2024-08-19",23.4,0,21
"Marseille","2024-08-20",24.3,0,0
"Marseille","2024-08-21",25,0,0
"Marseille","2024-08-22",22.1,0,0
"Marseille","2024-08-23",21.8,0,3
"Marseille","2024-08-24",23.3,0,8
"Marseille","2024-08-25",24.6,0,67
"Marseille","2024-08-26",22.9,0,13
"Marseille","2024-08-27",24.6,0.1,8
"Marseille","2024-08-28",25,0,6
"Marseille","2024-08-29",24.2,0,17
"Marseille","2024-08-30",23.9,0,66
"Marseille","2024-08-31",24.7,0,61
"Marseille","2024-09-01",25.3,0,67
"Marseille","2024-09-02",24.7,1.3,21
"Marseille","2024-09-03",24.5,0.9,63
"Marseille","2024-09-04",22.7,30.7,94
"Marseille","2024-09-05",20.7,13.7,37
"Marseille","2024-09-06",21.5,0,34
"Marseille","2024-09-07",25.3,0.1,30
"Marseille","2024-09-08",22.4,13.8,90
"Marseille","2024-09-09",20.5,0,5
"Marseille","2024-09-10",20.1,0,1
"Marseille","2024-09-11",19.2,0,47
"Marseille","2024-09-12",16.5,0.3,60
"Marseille","2024-09-13",14.5,0,5
"Marseille","2024-09-14",16.2,0,4
"Marseille","2024-09-15",16,0,1
"Marseille","2024-09-16",18,0,41
"Marseille","2024-09-17",17.8,5.5,52
"Marseille","2024-09-18",16.9,0.4,68
"Marseille","2024-09-19",17.1,0,37
"Marseille","2024-09-20",18.9,0,56
"Marseille","2024-09-21",20,0,50
"Marseille","2024-09-22",21,12.2,62
"Marseille","2024-09-23",19.9,3.2,51
"Marseille","2024-09-24",17.7,1.4,52
"Marseille","2024-09-25",18.3,0,75
"Marseille","2024-09-26",21.7,1.1,41
"Marseille","2024-09-27",19.3,0,62
"Marseille","2024-09-28",16.2,0,4
"Marseille","2024-09-29",15.1,0,21
"Marseille","2024-09-30",17.9,0,56
"Marseille","2024-10-01",18.7,2.3,81
"Marseille","2024-10-02",18.8,0,92
"Marseille","2024-10-03",16.3,0.5,37
"Marseille","2024-10-04",14.4,0,9
"Marseille","2024-10-05",14.3,0,8
"Marseille","2024-10-06",15.8,1.8,90
"Marseille","2024-10-07",19.8,1.1,92
"Marseille","2024-10-08",18.7,14.5,60
"Marseille","2024-10-09",19,3.8,55
"Marseille","2024-10-10",18.2,0.3,35
"Marseille","2024-10-11",16.3,0,0
"Marseille","2024-10-12",16.2,3.4,88
"Marseille","2024-10-13",18.7,0.9,51
"Marseille","2024-10-14",17.9,1.4,82
"Marseille","2024-10-15",20.2,0.6,84
"Marseille","2024-10-16",20,5.8,89
"Marseille","2024-10-17",19.9,7.7,77
"Marseille","2024-10-18",15.8,1.5,33
"Marseille","2024-10-19",17.1,0.2,23
"Marseille","2024-10-20",16.9,0,44
"Marseille","2024-10-21",18.7,0,61
"Marseille","2024-10-22",18.5,1.5,38
"Marseille","2024-10-23",18.2,0.7,51
"Marseille","2024-10-24",17.8,1.2,59
"Marseille","2024-10-25",18.4,1.6,71
"Marseille","2024-10-26",17.7,12.5,99
"Marseille","2024-10-27",18,9.1,76
"Marseille","2024-10-28",18.3,1.3,79
"Marseille","2024-10-29",17.3,0,44
"Marseille","2024-10-30",17,0,19
"Marseille","2024-10-31",17.1,0,2
"Marseille","2024-11-01",16.8,0,0
"Marseille","2024-11-02",15.2,0,0
"Marseille","2024-11-03",15.6,0,0
"Marseille","2024-11-04",15.4,0,1
"Marseille","2024-11-05",15.2,0.2,68
"Marseille","2024-11-06",15.2,0.7,50
"Marseille","2024-11-07",15.4,0,50
"Marseille","2024-11-08",16.7,1.4,80
"Marseille","2024-11-09",16.4,4.7,88
"Marseille","2024-11-10",14.8,0.2,77
"Marseille","2024-11-11",12.4,0,27
"Marseille","2024-11-12",9.9,33,100
"Marseille","2024-11-13",12.3,0,32
"Marseille","2024-11-14",9.2,0,44
"Marseille","2024-11-15",10.8,0,1
"Marseille","2024-11-16",11.5,1.4,67
"Marseille","2024-11-17",13.1,0.8,62
"Marseille","2024-11-18",11.4,0,62
"Marseille","2024-11-19",11.6,0,70
"Marseille","2024-11-20",13.1,0.9,95
"Marseille","2024-11-21",10.9,4.4,85
"Marseille","2024-11-22",8.4,0,35
"Marseille","2024-11-23",8,0.2,54
"Marseille","2024-11-24",14.5,4.4,89
"Marseille","2024-11-25",14.6,0.6,98
"Marseille","2024-11-26",13.6,5.2,66
"Marseille","2024-11-27",11.3,0,46
"Marseille","2024-11-28",11.4,0,21
"Marseille","2024-11-29",12.3,0,10
"Marseille","2024-11-30",11.8,0,23
"Marseille","2024-12-01",10.7,0.1,19
"Marseille","2024-12-02",10.5,0,59
"Marseille","2024-12-03",9.7,0,39
"Marseille","2024-12-04",6.9,0,42
"Marseille","2024-12-05",7.3,0,65
"Marseille","2024-12-06",10.8,0,76
"Marseille","2024-12-07",10.1,2.8,55
"Marseille","2024-12-08",8.3,0.1,20
"Marseille","2024-12-09",8,0,87
"Marseille","2024-12-10",7.3,0.2,99
"Marseille","2024-12-11",8.2,0.3,78
"Marseille","2024-12-12",10.5,0,40
"Marseille","2024-12-13",10.9,6,86
"Marseille","2024-12-14",9.6,1,44
"Marseille","2024-12-15",7.1,0,6
"Marseille","2024-12-16",7.2,0,1
"Marseille","2024-12-17",10.6,0.2,77
"Marseille","2024-12-18",11.6,0,59
"Marseille","2024-12-19",12,0.1,63
"Marseille","2024-12-20",6.7,0,8
"Marseille","2024-12-21",8.4,0,18
"Marseille","2024-12-22",10.7,2.8,71
"Marseille","2024-12-23",7,0,15
"Marseille","2024-12-24",6.5,0,15
"Marseille","2024-12-25",6.4,0,0
"Marseille","2024-12-26",6.8,0,0
"Marseille","2024-12-27",7.2,0,0
"Marseille","2024-12-28",6.7,0,3
"Marseille","2024-12-29",6,0,4
"Marseille","2024-12-30",7,0,20
"Marseille","2024-12-31",7.6,0,52
"Chamonix","2024-01-01",-1.6,2.9,85
"Chamonix","2024-01-02",0.9,12.8,100
"Chamonix","2024-01-03",4.7,16,85
"Chamonix","2024-01-04",1.7,24.1,93
"Chamonix","2024-01-05",0.8,6.5,100
"Chamonix","2024-01-06",0.3,5.1,100
"Chamonix","2024-01-07",-1,3.9,100
"Chamonix","2024-01-08",-2.9,0.7,100
"Chamonix","2024-01-09",-1.8,4.7,91
"Chamonix","2024-01-10",-1.7,0.5,94
"Chamonix","2024-01-11",-3.2,0,41
"Chamonix","2024-01-12",-1.2,0,0
"Chamonix","2024-01-13",-1.6,0,0
"Chamonix","2024-01-14",-1,0.3,83
"Chamonix","2024-01-15",0.7,7.3,98
"Chamonix","2024-01-16",-2.1,1.5,79
"Chamonix","2024-01-17",5.4,19,100
"Chamonix","2024-01-18",3.3,41.4,100
"Chamonix","2024-01-19",-3.2,10.3,58
"Chamonix","2024-01-20",-9.3,0,1
"Chamonix","2024-01-21",-4.7,0,43
"Chamonix","2024-01-22",1,12.4,70
"Chamonix","2024-01-23",3.3,5,86
"Chamonix","2024-01-24",7.1,0.5,97
"Chamonix","2024-01-25",7,0.1,59
"Chamonix","2024-01-26",4.8,0.7,81
"Chamonix","2024-01-27",3.6,0,27
"Chamonix","2024-01-28",1.6,0,32
"Chamonix","2024-01-29",5.3,0,88
"Chamonix","2024-01-30",5.4,0,78
"Chamonix","2024-01-31",3,0,17
"Chamonix","2024-02-01",3.3,0.3,81
"Chamonix","2024-02-02",2.4,0,68
"Chamonix","2024-02-03",4.9,0,25
"Chamonix","2024-02-04",6.5,0,21
"Chamonix","2024-02-05",5.8,0,26
"Chamonix","2024-02-06",4.1,0,64
"Chamonix","2024-02-07",3.5,3.3,51
"Chamonix","2024-02-08",5.6,5,99
"Chamonix","2024-02-09",5.1,9.5,100
"Chamonix","2024-02-10",5,10.4,100
"Chamonix","2024-02-11",1.8,6.5,94
"Chamonix","2024-02-12",0.9,1.4,96
"Chamonix","2024-02-13",1.1,0,55
"Chamonix","2024-02-14",1.8,0,54
"Chamonix","2024-02-15",5.3,0,90
"Chamonix","2024-02-16",6.4,0,91
"Chamonix","2024-02-17",4.5,0.1,41
"Chamonix","2024-02-18",5.5,0.3,77
"Chamonix","2024-02-19",5.1,1.1,81
"Chamonix","2024-02-20",3.3,1.8,82
"Chamonix","2024-02-21",3.2,0.1,99
"Chamonix","2024-02-22",4.9,25.4,100
"Chamonix","2024-02-23",1.2,17.8,63
"Chamonix","2024-02-24",-2.7,0.5,73
"Chamonix","2024-02-25",-2.8,0.2,64
"Chamonix","2024-02-26",2,5.9,84
"Chamonix","2024-02-27",1.5,1,100
"Chamonix","2024-02-28",3.4,0,70
"Chamonix","2024-02-29",2.9,0,40
"Chamonix","2024-03-01",2.7,4.8,93
"Chamonix","2024-03-02",1.7,0,76
"Chamonix","2024-03-03",3.5,1,100
"Chamonix","2024-03-04",3,0.7,78
"Chamonix","2024-03-05",2.1,9.2,98
"Chamonix","2024-03-06",0.3,3.3,85
"Chamonix","2024-03-07",-1.9,0,6
"Chamonix","2024-03-08",-1.1,0,53
"Chamonix","2024-03-09",1.6,0.1,83
"Chamonix","2024-03-10",1.9,5.8,92
"Chamonix","2024-03-11",-0.4,0.3,67
"Chamonix","2024-03-12",2.6,0.4,90
"Chamonix","2024-03-13",5.8,0.7,74
"Chamonix","2024-03-14",6.6,0,65
"Chamonix","2024-03-15",6,3,80
"Chamonix","2024-03-16",5.3,12.7,75
"Chamonix","2024-03-17",6.3,1.3,100
"Chamonix","2024-03-18",5.9,21.7,80
"Chamonix","2024-03-19",4.9,0,39
"Chamonix","2024-03-20",5.8,0,60
"Chamonix","2024-03-21",6.8,0.3,47
"Chamonix","2024-03-22",6.8,0,84
"Chamonix","2024-03-23",3.4,15.1,69
"Chamonix","2024-03-24",0.9,11,68
"Chamonix","2024-03-25",-0.1,0,82
"Chamonix","2024-03-26",3.5,1,80
"Chamonix","2024-03-27",1.8,13,86
"Chamonix","2024-03-28",0.6,11.4,68
"Chamonix","2024-03-29",4.8,0,94
"Chamonix","2024-03-30",6.5,4.7,97
"Chamonix","2024-03-31",6.1,0,90
"Chamonix","2024-04-01",3.7,25.4,92
"Chamonix","2024-04-02",2.9,4.8,65
"Chamonix","2024-04-03",3.5,4.9,95
"Chamonix","2024-04-04",7.5,0.6,96
"Chamonix","2024-04-05",9.2,0,91
"Chamonix","2024-04-06",9.5,0,63
"Chamonix","2024-04-07",12,0,84
"Chamonix","2024-04-08",13.7,0,75
"Chamonix","2024-04-09",5.9,16,100
"Chamonix","2024-04-10",4,1.8,84
"Chamonix","2024-04-11",7.1,0,29
"Chamonix","2024-04-12",11.1,0,29
"Chamonix","2024-04-13",13.7,0,58
"Chamonix","2024-04-14",15.4,0,61
"Chamonix","2024-04-15",12.3,11.9,86
"Chamonix","2024-04-16",4.2,11.5,70
"Chamonix","2024-04-17",1.2,12.8,94
"Chamonix","2024-04-18",0.4,8.1,79
"Chamonix","2024-04-19",0.8,3.1,79
"Chamonix","2024-04-20",2.2,12.8,76
"Chamonix","2024-04-21",0.5,8.2,61
"Chamonix","2024-04-22",-0.2,0.7,71
"Chamonix","2024-04-23",1.3,1.4,100
"Chamonix","2024-04-24",1.6,4.5,88
"Chamonix","2024-04-25",2.5,0,33
"Chamonix","2024-04-26",5,8.3,78
"Chamonix","2024-04-27",7.5,0,83
"Chamonix","2024-04-28",8,8.9,100
"Chamonix","2024-04-29",10.7,3.7,73
"Chamonix","2024-04-30",11.8,0,59
"Chamonix","2024-05-01",11.7,1.4,92
"Chamonix","2024-05-02",6.6,37.4,100
"Chamonix","2024-05-03",5.5,4.3,97
"Chamonix","2024-05-04",7.8,0,90
"Chamonix","2024-05-05",12.1,3.2,99
"Chamonix","2024-05-06",8.8,13.8,96
"Chamonix","2024-05-07",7.7,7.9,100
"Chamonix","2024-05-08",9.2,3.8,74
"Chamonix","2024-05-09",10,0.4,27
"Chamonix","2024-05-10",12.6,0,21
"Chamonix","2024-05-11",13.2,0.1,25
"Chamonix","2024-05-12",13.7,0.4,66
"Chamonix","2024-05-13",12.7,5.4,67
"Chamonix","2024-05-14",11.4,8.7,81
"Chamonix","2024-05-15",10.9,18.1,86
"Chamonix","2024-05-16",7.8,7.1,88
"Chamonix","2024-05-17",9.2,0.3,32
"Chamonix","2024-05-18",10.2,5.2,51
"Chamonix","2024-05-19",11.2,0.2,32
"Chamonix","2024-05-20",12.4,2.6,79
"Chamonix","2024-05-21",11.4,5.1,87
"Chamonix","2024-05-22",10.3,4.7,80
"Chamonix","2024-05-23",9.2,4.8,79
"Chamonix","2024-05-24",8.8,11,62
"Chamonix","2024-05-25",10.1,1.1,41
"Chamonix","2024-05-26",13.3,1.6,86
"Chamonix","2024-05-27",12.2,21.3,88
"Chamonix","2024-05-28",11.8,2.5,65
"Chamonix","2024-05-29",12.3,0.9,96
"Chamonix","2024-05-30",11.5,35.8,97
"Chamonix","2024-05-31",6.8,10.6,96
"Chamonix","2024-06-01",10.9,0.3,84
"Chamonix","2024-06-02",11,2.4,96
"Chamonix","2024-06-03",12.4,12.8,90
"Chamonix","2024-06-04",14,4,57
"Chamonix","2024-06-05",14.8,0.3,39
"Chamonix","2024-06-06",15.7,3.5,86
"Chamonix","2024-06-07",16.7,5.4,93
"Chamonix","2024-06-08",17.3,0,87
"Chamonix","2024-06-09",16,1.8,91
"Chamonix","2024-06-10",13.1,12.1,80
"Chamonix","2024-06-11",10.7,6,76
"Chamonix","2024-06-12",10.4,0.2,73
"Chamonix","2024-06-13",11.5,0.5,80
"Chamonix","2024-06-14",13,3.6,82
"Chamonix","2024-06-15",12.6,31.3,95
"Chamonix","2024-06-16",13.8,0.8,74
"Chamonix","2024-06-17",16.5,0.6,78
"Chamonix","2024-06-18",18.4,0,53
"Chamonix","2024-06-19",18.4,0,36
"Chamonix","2024-06-20",17.3,6.4,87
"Chamonix","2024-06-21",15,20.3,95
"Chamonix","2024-06-22",11.9,4.9,78
"Chamonix","2024-06-23",12.9,0.2,68
"Chamonix","2024-06-24",14.9,0.8,31
"Chamonix","2024-06-25",16.6,3,60
"Chamonix","2024-06-26",16.5,8.4,70
"Chamonix","2024-06-27",17.9,0.3,59
"Chamonix","2024-06-28",20.5,1.1,62
"Chamonix","2024-06-29",21,4.2,79
"Chamonix","2024-06-30",16.3,14.7,87
"Chamonix","2024-07-01",14.8,9.9,86
"Chamonix","2024-07-02",13.4,4.7,96
"Chamonix","2024-07-03",12.2,3.9,84
"Chamonix","2024-07-04",14.2,0,56
"Chamonix","2024-07-05",17.1,0,52
"Chamonix","2024-07-06",16.3,15.8,84
"Chamonix","2024-07-07",15.1,15,78
"Chamonix","2024-07-08",17.5,0,28
"Chamonix","2024-07-09",20.2,0.1,54
"Chamonix","2024-07-10",19.4,0.7,63
"Chamonix","2024-07-11",20.1,0.9,47
"Chamonix","2024-07-12",17.2,27.3,89
"Chamonix","2024-07-13",15.2,3.1,72
"Chamonix","2024-07-14",17.3,0,58
"Chamonix","2024-07-15",19.5,7.6,60
"Chamonix","2024-07-16",17.8,2.5,57
"Chamonix","2024-07-17",18.2,0.1,42
"Chamonix","2024-07-18",19.2,0,18
"Chamonix","2024-07-19",19.4,0.4,46
"Chamonix","2024-07-20",20.6,0,12
"Chamonix","2024-07-21",17.9,2.7,82
"Chamonix","2024-07-22",17.8,7,83
"Chamonix","2024-07-23",18.9,0.2,53
"Chamonix","2024-07-24",18.2,1,59
"Chamonix","2024-07-25",18.2,0,24
"Chamonix","2024-07-26",19.9,0,17
"Chamonix","2024-07-27",22.3,0,44
"Chamonix","2024-07-28",22.3,0,21
"Chamonix","2024-07-29",23,0,5
"Chamonix","2024-07-30",24.4,0,58
"Chamonix","2024-07-31",23.2,3.8,47
"Chamonix","2024-08-01",20.6,3.2,45
"Chamonix","2024-08-02",19.6,0.8,39
"Chamonix","2024-08-03",18.9,0.2,44
"Chamonix","2024-08-04",18.8,0,64
"Chamonix","2024-08-05",19.7,0,64
"Chamonix","2024-08-06",21.2,0,23
"Chamonix","2024-08-07",20.2,0.9,61
"Chamonix","2024-08-08",19.5,0.4,33
"Chamonix","2024-08-09",20.7,0,27
"Chamonix","2024-08-10",22.1,0,12
"Chamonix","2024-08-11",23.8,0,36
"Chamonix","2024-08-12",23.3,0.5,46
"Chamonix","2024-08-13",23.3,1.9,19
"Chamonix","2024-08-14",19.5,3.6,70
"Chamonix","2024-08-15",19.3,1.9,60
"Chamonix","2024-08-16",19.2,2.3,36
"Chamonix","2024-08-17",18.7,3.4,87
"Chamonix","2024-08-18",15,14.1,91
"Chamonix","2024-08-19",16.7,1.7,74
"Chamonix","2024-08-20",17.6,0.2,12
"Chamonix","2024-08-21",17.1,0.4,47
"Chamonix","2024-08-22",17.8,0,24
"Chamonix","2024-08-23",19.6,0,0
"Chamonix","2024-08-24",21.7,0,16
"Chamonix","2024-08-25",16.6,4,96
"Chamonix","2024-08-26",16.5,0,57
"Chamonix","2024-08-27",18.3,0,23
"Chamonix","2024-08-28",20,0,10
"Chamonix","2024-08-29",20.5,0.7,14
"Chamonix","2024-08-30",20.3,0,73
"Chamonix","2024-08-31",21.1,0.2,74
"Chamonix","2024-09-01",20,0.6,36
"Chamonix","2024-09-02",17.3,1,42
"Chamonix","2024-09-03",17.9,0.8,66
"Chamonix","2024-09-04",16.5,8.5,91
"Chamonix","2024-09-05",14,22.8,98
"Chamonix","2024-09-06",15.8,0,61
"Chamonix","2024-09-07",17.7,0,47
"Chamonix","2024-09-08",14.9,12.5,98
"Chamonix","2024-09-09",11.9,16.2,93
"Chamonix","2024-09-10",12.4,1,73
"Chamonix","2024-09-11",10.2,18.6,88
"Chamonix","2024-09-12",6.7,8.4,88
"Chamonix","2024-09-13",4.3,8.7,82
"Chamonix","2024-09-14",6.6,0.1,73
"Chamonix","2024-09-15",7.7,0,3
"Chamonix","2024-09-16",8.6,0,81
"Chamonix","2024-09-17",10.6,0.2,38
"Chamonix","2024-09-18",10.5,0.9,15
"Chamonix","2024-09-19",12,0,25
"Chamonix","2024-09-20",12.2,0.1,29
"Chamonix","2024-09-21",12.8,0.1,40
"Chamonix","2024-09-22",13.1,5,79
"Chamonix","2024-09-23",10.8,13.7,89
"Chamonix","2024-09-24",10.3,2.5,81
"Chamonix","2024-09-25",11,1.2,82
"Chamonix","2024-09-26",12.5,40.5,98
"Chamonix","2024-09-27",10.6,24.7,74
"Chamonix","2024-09-28",6.7,7.3,90
"Chamonix","2024-09-29",8.5,0,77
"Chamonix","2024-09-30",12.5,0.3,81
"Chamonix","2024-10-01",11.5,18.1,97
"Chamonix","2024-10-02",10.9,24.6,94
"Chamonix","2024-10-03",8.5,1.8,98
"Chamonix","2024-10-04",7.2,2.5,78
"Chamonix","2024-10-05",6.5,0,4
"Chamonix","2024-10-06",9,1.4,86
"Chamonix","2024-10-07",14.8,1.9,90
"Chamonix","2024-10-08",10.9,26.4,85
"Chamonix","2024-10-09",11.8,6.6,83
"Chamonix","2024-10-10",9.8,41.8,88
"Chamonix","2024-10-11",8.5,3.2,55
"Chamonix","2024-10-12",8.7,5.1,84
"Chamonix","2024-10-13",11.4,7.1,94
"Chamonix","2024-10-14",11.1,4,76
"Chamonix","2024-10-15",14.2,0,87
"Chamonix","2024-10-16",14.8,0.1,84
"Chamonix","2024-10-17",14.4,0.6,72
"Chamonix","2024-10-18",11.7,6.1,80
"Chamonix","2024-10-19",10.8,0.1,68
"Chamonix","2024-10-20",11.3,0,71
"Chamonix","2024-10-21",13.1,0,74
"Chamonix","2024-10-22",11.7,3,72
"Chamonix","2024-10-23",11,0.1,58
"Chamonix","2024-10-24",10.3,0,45
"Chamonix","2024-10-25",11.9,0.2,66
"Chamonix","2024-10-26",11.4,0.7,93
"Chamonix","2024-10-27",12.2,2,74
"Chamonix","2024-10-28",10.9,0.1,23
"Chamonix","2024-10-29",10.7,0,9
"Chamonix","2024-10-30",10.5,0,10
"Chamonix","2024-10-31",10.7,0,1
"Chamonix","2024-11-01",10.3,0,26
"Chamonix","2024-11-02",9.3,0,32
"Chamonix","2024-11-03",11,0,60
"Chamonix","2024-11-04",10.7,0,0
"Chamonix","2024-11-05",10.1,0,27
"Chamonix","2024-11-06",9.5,0,66
"Chamonix","2024-11-07",8.5,0,30
"Chamonix","2024-11-08",8.3,0,14
"Chamonix","2024-11-09",7.3,0,43
"Chamonix","2024-11-10",6.5,0,20
"Chamonix","2024-11-11",5.5,0,31
"Chamonix","2024-11-12",4.4,3.4,97
"Chamonix","2024-11-13",3.7,0,59
"Chamonix","2024-11-14",3.7,0,12
"Chamonix","2024-11-15",4.5,0,1
"Chamonix","2024-11-16",6.9,0,3
"Chamonix","2024-11-17",5.3,0,23
"Chamonix","2024-11-18",4.4,0.6,95
"Chamonix","2024-11-19",3.8,20.9,100
"Chamonix","2024-11-20",0.7,37.1,87
"Chamonix","2024-11-21",-0.5,30.1,95
"Chamonix","2024-11-22",-2.1,12.7,95
"Chamonix","2024-11-23",-1.6,0,71
"Chamonix","2024-11-24",3.7,0,72
"Chamonix","2024-11-25",3.9,0,63
"Chamonix","2024-11-26",4.2,13.5,93
"Chamonix","2024-11-27",4.3,0,29
"Chamonix","2024-11-28",5.5,3,83
"Chamonix","2024-11-29",1.9,0,19
"Chamonix","2024-11-30",2.9,0,3
"Chamonix","2024-12-01",3.9,0,11
"Chamonix","2024-12-02",6.2,9.1,74
"Chamonix","2024-12-03",2.7,6.9,99
"Chamonix","2024-12-04",0.9,0,34
"Chamonix","2024-12-05",1.1,0,55
"Chamonix","2024-12-06",3.9,18.8,83
"Chamonix","2024-12-07",2.2,21.6,94
"Chamonix","2024-12-08",-1,3.5,99
"Chamonix","2024-12-09",-0.4,0.3,91
"Chamonix","2024-12-10",-3.4,0.1,74
"Chamonix","2024-12-11",-5,0,21
"Chamonix","2024-12-12",-3.5,0,0
"Chamonix","2024-12-13",-3.9,0,55
"Chamonix","2024-12-14",-0.5,7,99
"Chamonix","2024-12-15",-0.6,1,49
"Chamonix","2024-12-16",0.7,0,8
"Chamonix","2024-12-17",3.7,0,62
"Chamonix","2024-12-18",5.4,0,67
"Chamonix","2024-12-19",3.4,28.9,96
"Chamonix","2024-12-20",-3.6,3.5,62
"Chamonix","2024-12-21",-4.1,0.4,49
"Chamonix","2024-12-22",1.3,31.1,100
"Chamonix","2024-12-23",-2.2,32.8,100
"Chamonix","2024-12-24",-2,3,62
"Chamonix","2024-12-25",-1,0,21
"Chamonix","2024-12-26",-0.4,0,7
"Chamonix","2024-12-27",1.1,0,0
"Chamonix","2024-12-28",0.7,0,8
"Chamonix","2024-12-29",0.7,0,0
"Chamonix","2024-12-30",0.6,0,0
"Chamonix","2024-12-31",0.1,0,0
